ID,school,creche,gender,date,asidlale,echs,year,cut,stick,follow_instruct,self_pic,matching,draw_lines,hop,playdough,wooden_puzz,six_puzz,clapping,classification,lacing,peg_cards,five_puzz,dance_freeze,laminated_shape,beanbag,read_book,score14
1,Mabane,Sbukosezwe,F,31/1/13,1,NA,2013,2,2,3,2,3,2,3,1,3,3,3,3,2,3,,,,,,35
2,Mabane,Sbukosezwe,F,31/1/13,1,NA,2013,1,1,3,3,3,3,2,3,3,1,3,1,3,1,,,,,,31
3,Mabane,Sbukosezwe,F,31/1/13,1,NA,2013,3,3,3,3,3,3,2,3,3,3,2,3,3,3,,,,,,40
4,Mabane,Sbukosezwe,F,31/1/13,1,NA,2013,2,2,3,2,3,2,1,3,3,1,3,3,3,2,,,,,,33
5,Mabane,Sbukosezwe,F,31/1/13,1,NA,2013,2,3,3,1,3,1,2,1,1,3,3,1,2,3,,,,,,29
6,Mabane,Sbukosezwe,F,31/1/13,1,NA,2013,2,3,3,3,3,2,2,3,3,2,2,3,3,3,,,,,,37
7,Mabane,Siyazama,F,31/1/13,1,NA,2013,2,1,1,2,1,1,2,1,3,2,2,3,3,3,,,,,,27
8,Mabane,Siyazama,F,31/1/13,1,NA,2013,3,3,3,3,2,3,2,3,3,1,3,3,3,3,,,,,,38
9,Mabane,Unakekelo,M,31/1/13,1,NA,2013,2,3,3,2,3,1,2,3,3,2,2,3,3,3,,,,,,35
10,Mabane,Siyazama,M,31/1/13,1,NA,2013,2,3,3,3,3,3,3,3,3,3,3,3,3,3,,,,,,41
11,Mabane,Sbukosezwe,M,31/1/13,1,NA,2013,2,3,3,2,3,3,3,3,3,1,3,3,2,3,,,,,,37
12,Mabane,Sbukosezwe,M,31/1/13,1,NA,2013,2,3,3,3,3,3,3,2,3,1,3,3,2,3,,,,,,37
13,Mabane,Sbukosezwe,M,31/1/13,1,NA,2013,3,3,2,2,3,2,3,3,3,1,3,3,2,3,,,,,,36
14,Mabane,Sbukosezwe,M,31/1/13,1,NA,2013,1,3,2,2,3,2,3,3,3,1,3,3,2,3,,,,,,34
15,Mabane,Sbukosezwe,M,31/1/13,1,NA,2013,3,3,2,3,3,3,3,1,3,2,3,1,2,3,,,,,,35
16,Nobanda,Kwanomusa,F,2/6/13,1,NA,2013,3,3,3,2,3,2,3,2,3,1,2,3,3,3,,,,,,36
17,Nobanda,Kwanomusa,F,2/6/13,1,NA,2013,3,3,3,3,3,3,1,2,3,1,1,3,2,3,,,,,,34
18,Nobanda,Raphs,F,2/6/13,1,NA,2013,2,3,3,2,3,3,3,3,3,3,3,3,3,3,,,,,,40
19,Nobanda,Raphs,F,2/6/13,1,NA,2013,3,3,3,3,3,3,3,2,3,1,3,3,2,3,,,,,,38
20,Nobanda,Kwanomusa,F,2/6/13,1,NA,2013,2,3,3,2,3,2,3,2,3,1,1,2,2,3,,,,,,32
21,Nobanda,Raphs,F,2/6/13,1,NA,2013,3,3,3,3,3,3,3,2,3,3,3,3,3,3,,,,,,41
22,Nobanda,Kwanomusa,F,2/6/13,1,NA,2013,2,3,3,3,2,3,2,3,3,1,1,3,3,2,,,,,,34
23,Nobanda,Raphs,M,2/6/13,1,NA,2013,3,3,2,2,2,2,3,1,3,2,3,3,3,3,,,,,,35
24,Nobanda,Raphs,M,2/6/13,1,NA,2013,3,3,3,2,3,2,3,2,3,3,3,3,2,3,,,,,,38
25,Nobanda,Kwanomusa,M,2/6/13,1,NA,2013,2,3,3,1,2,3,3,2,3,1,2,3,2,2,,,,,,32
26,Nobanda,Kwanomusa,M,2/6/13,1,NA,2013,2,2,2,3,1,2,1,1,1,1,2,1,3,1,,,,,,23
27,Nobanda,Kwanomusa,M,2/6/13,1,NA,2013,1,2,2,2,3,3,3,2,3,1,3,2,3,3,,,,,,33
28,Nobanda,Raphs,F,2/6/13,1,NA,2013,3,3,3,3,3,3,3,3,3,3,3,3,3,3,,,,,,42
29,Nobanda,Kwanomusa,M,2/6/13,1,NA,2013,2,3,2,3,3,3,3,1,2,1,2,2,2,2,,,,,,31
30,Nobanda,Kwanomusa,M,2/6/13,1,NA,2013,2,3,2,1,3,2,2,2,2,2,2,1,2,3,,,,,,29
31,Nobanda,Kwanomusa,F,2/6/13,1,NA,2013,2,3,3,3,3,3,3,1,3,3,3,3,3,3,,,,,,39
32,Mabane,none,F,31/1/13,0,NA,2013,2,3,2,1,3,1,3,3,3,1,1,3,1,3,,,,,,30
33,Mabane,Athandweni,F,31/1/13,0,NA,2013,2,2,2,3,3,3,1,1,3,2,3,2,2,3,,,,,,32
34,Mabane,uThando,F,31/1/13,0,NA,2013,2,3,3,3,3,3,3,1,1,1,1,3,2,2,,,,,,31
35,Mabane,Hem-hem Creche,F,31/1/13,0,NA,2013,3,3,3,3,3,3,1,3,3,2,3,3,2,3,,,,,,38
36,Mabane,none,F,31/1/13,0,NA,2013,2,3,3,3,3,3,3,1,3,3,2,3,3,3,,,,,,38
37,Mabane,none,F,31/1/13,0,NA,2013,3,3,3,2,1,2,2,3,1,1,1,1,2,1,,,,,,26
38,Mabane,none,F,31/1/13,0,NA,2013,3,3,3,3,3,3,1,1,1,1,3,1,1,3,,,,,,30
39,Mabane,none,F,31/1/13,0,NA,2013,3,3,3,3,3,3,3,3,2,1,3,3,2,3,,,,,,38
40,Mabane,none,M,31/1/13,0,NA,2013,1,3,1,1,1,1,2,1,3,1,1,1,1,1,,,,,,19
41,Mabane,none,M,31/1/13,0,NA,2013,2,3,1,2,3,2,2,2,3,1,2,3,2,3,,,,,,31
42,Mabane,none,M,31/1/13,0,NA,2013,2,3,2,2,2,3,2,1,3,2,1,3,3,3,,,,,,32
43,Mabane,none,M,31/1/13,0,NA,2013,2,3,2,2,2,3,2,1,3,2,1,3,3,3,,,,,,32
44,Mabane,none,M,31/1/13,0,NA,2013,2,3,2,3,3,3,2,1,3,1,1,1,3,3,,,,,,31
45,Mabane,none,M,31/1/13,0,NA,2013,1,1,1,2,1,2,3,1,2,1,3,1,1,1,,,,,,21
46,Mabane,none,M,31/1/13,0,NA,2013,1,1,1,1,1,1,2,1,2,1,1,1,2,3,,,,,,19
47,Nobanda,uThando,M,2/6/13,0,NA,2013,2,3,2,1,3,3,3,1,3,2,3,3,2,3,,,,,,34
48,Nobanda,uThando,F,2/6/13,0,NA,2013,3,3,2,3,3,3,2,2,3,2,3,3,3,3,,,,,,38
49,Nobanda,none,F,2/6/13,0,NA,2013,3,3,2,3,3,3,1,2,3,1,2,1,3,3,,,,,,33
50,Nobanda,uThando,F,2/6/13,0,NA,2013,2,3,2,3,3,3,2,1,3,1,1,1,3,1,,,,,,29
51,Nobanda,Dutch,F,2/6/13,0,NA,2013,1,3,1,3,3,3,1,1,3,1,2,3,2,3,,,,,,30
52,Nobanda,uThando,F,2/6/13,0,NA,2013,2,3,2,3,3,3,2,2,3,1,2,2,3,3,,,,,,34
53,Nobanda,none,F,2/6/13,0,NA,2013,2,3,2,3,2,3,2,1,1,1,1,1,3,3,,,,,,28
54,Nobanda,none,M,2/6/13,0,NA,2013,3,3,2,2,3,3,3,1,3,1,3,3,3,3,,,,,,36
55,Nobanda,none,M,2/6/13,0,NA,2013,2,3,2,1,3,1,1,1,1,1,2,1,2,3,,,,,,24
56,Nobanda,Gauteng,M,2/6/13,0,NA,2013,3,3,2,2,3,3,3,1,3,3,3,3,3,3,,,,,,38
57,Nobanda,uThando,M,2/6/13,0,NA,2013,1,3,2,2,1,1,3,1,1,1,2,1,1,1,,,,,,21
58,Nobanda,Mdunge,M,2/6/13,0,NA,2013,2,3,2,1,3,2,3,1,3,3,1,3,3,3,,,,,,33
59,Nobanda,Nathu Creche,M,2/6/13,0,NA,2013,2,3,3,3,3,3,3,1,3,1,1,3,3,1,,,,,,33
60,Nobanda,uThando,M,2/6/13,0,NA,2013,1,3,2,2,3,3,2,1,1,1,2,2,3,3,,,,,,29
61,Mabane,Siyazama,F,21/1/14,1,NA,2014,2,3,3,3,2,2,3,2,3,2,3,1,1,3,,,,,,33
62,Mabane,Sbukosezwe,F,21/1/14,1,NA,2014,3,3,3,3,3,3,2,2,3,3,3,3,1,3,,,,,,38
63,Mabane,Sbukosezwe,F,21/1/14,1,NA,2014,2,3,3,3,3,3,3,2,3,1,3,3,3,3,,,,,,38
64,Mabane,Sbukosezwe,F,21/1/14,1,NA,2014,3,3,3,3,1,3,3,2,3,1,3,3,3,3,,,,,,37
65,Mabane,Nakekelo,F,21/1/14,1,NA,2014,3,3,3,3,3,3,3,3,3,3,3,3,3,3,,,,,,42
66,Mabane,Sbukosezwe,F,21/1/14,1,NA,2014,2,3,3,3,1,2,2,3,3,1,3,1,2,3,,,,,,32
67,Mabane,Sbukosezwe,F,21/1/14,1,NA,2014,3,3,3,3,2,2,3,2,3,2,3,3,2,3,,,,,,37
68,Mabane,Sbukosezwe,F,21/1/14,1,NA,2014,3,3,3,2,3,3,2,2,3,2,3,3,2,3,,,,,,37
69,Mabane,Sbukosezwe,M,21/1/14,1,NA,2014,3,3,3,1,3,1,3,3,3,1,3,2,2,3,,,,,,34
70,Mabane,Sbukosezwe,M,21/1/14,1,NA,2014,3,2,3,2,2,3,2,2,3,1,3,1,3,3,,,,,,33
71,Mabane,Sbukosezwe,M,31/1/14,1,NA,2014,1,3,3,2,3,2,3,2,3,1,3,3,2,3,,,,,,34
72,Mabane,Nakekelo,M,21/1/14,1,NA,2014,2,3,3,2,3,2,3,2,3,1,2,1,3,3,,,,,,33
73,Mabane,Nakekelo,M,21/1/14,1,NA,2014,2,3,2,2,3,3,3,2,3,3,3,3,3,3,,,,,,38
74,Mabane,Sbukosezwe,M,21/1/14,1,NA,2014,2,3,3,3,3,3,3,2,3,3,3,3,2,3,,,,,,39
75,Mabane,Nakekelo,M,21/1/14,1,NA,2014,2,3,3,2,2,2,2,2,3,1,2,2,3,3,,,,,,32
76,Nobanda,Raphs,F,25/1/14,1,NA,2014,3,3,3,3,2,2,2,3,3,2,3,3,2,2,,,,,,36
77,Nobanda,kwaNomusa,F,25/1/14,1,NA,2014,3,1,2,2,1,1,3,2,3,2,3,2,2,3,,,,,,30
78,Nobanda,kwaNomusa,F,25/1/14,1,NA,2014,2,3,3,2,2,1,2,2,3,1,3,1,2,1,,,,,,28
79,Nobanda,kwaNomusa,F,25/1/14,1,NA,2014,3,3,3,2,2,3,3,2,3,1,2,3,3,3,,,,,,36
80,Nobanda,kwaNomusa,F,25/1/14,1,NA,2014,3,3,3,3,2,3,3,2,3,2,3,3,3,2,,,,,,38
81,Nobanda,Raphs,F,25/1/14,1,NA,2014,3,3,3,3,3,3,3,3,3,3,3,3,3,3,,,,,,42
82,Nobanda,Raphs,F,25/1/14,1,NA,2014,2,3,3,2,2,1,2,2,3,3,1,2,2,2,,,,,,30
83,Nobanda,Raphs,F,25/1/14,1,NA,2014,1,3,3,3,2,3,3,2,3,3,2,2,2,3,,,,,,35
84,Nobanda,Raphs,M,25/1/14,1,NA,2014,1,1,1,1,1,1,2,2,3,3,1,2,2,1,,,,,,22
85,Nobanda,kwaNomusa,M,25/1/14,1,NA,2014,3,2,3,2,3,3,3,3,3,3,2,3,2,3,,,,,,38
86,Nobanda,Raphs,M,25/1/14,1,NA,2014,3,3,3,3,3,3,3,3,3,3,3,2,2,3,,,,,,40
87,Nobanda,Raphs,M,25/1/14,1,NA,2014,3,3,3,2,2,2,3,2,3,3,1,2,3,2,,,,,,34
88,Nobanda,kwaNomusa,M,25/1/14,1,NA,2014,2,3,1,1,1,3,3,1,3,3,1,1,2,2,,,,,,27
89,Nobanda,Raphs,M,25/1/14,1,NA,2014,2,3,1,2,2,1,1,1,1,3,3,3,2,2,,,,,,27
90,Nobanda,Raphs,M,25/1/14,1,NA,2014,3,3,1,3,3,2,3,3,1,3,2,3,2,3,,,,,,35
91,Mabane,none,F,21/1/14,0,NA,2014,2,3,2,2,1,1,2,1,1,1,1,1,1,3,,,,,,22
92,Mabane,none,F,21/1/14,0,NA,2014,2,3,3,2,1,3,2,2,3,2,3,3,1,3,,,,,,33
93,Mabane,none,F,21/1/14,0,NA,2014,2,3,3,3,3,3,1,2,3,1,2,3,1,3,,,,,,33
94,Mabane,none,F,21/1/14,0,NA,2014,1,3,2,3,2,1,3,2,2,2,1,1,2,1,,,,,,26
95,Mabane,none,M,21/1/14,0,NA,2014,1,3,2,2,3,3,3,3,3,1,2,3,2,3,,,,,,34
96,Mabane,none,M,21/1/14,0,NA,2014,1,2,2,1,1,3,3,2,3,1,3,3,2,3,,,,,,30
97,Mabane,none,M,21/1/14,0,NA,2014,1,3,3,3,2,3,1,3,2,2,1,3,2,3,,,,,,32
98,Mabane,none,M,21/1/14,0,NA,2014,1,1,2,2,1,2,2,1,2,1,1,1,2,1,,,,,,20
99,Mabane,none,M,21/1/14,0,NA,2014,1,2,1,2,1,1,1,1,1,1,2,1,1,1,,,,,,17
100,Mabane,none,M,21/1/14,0,NA,2014,1,2,1,1,1,1,2,1,1,1,1,1,2,2,,,,,,18
101,Mabane,Thinasonke,M,21/1/14,0,NA,2014,2,3,2,2,1,3,2,2,2,1,2,3,2,3,,,,,,30
102,Nobanda,none,F,25/1/14,0,NA,2014,3,3,3,3,1,3,1,3,2,1,3,1,2,1,,,,,,30
103,Nobanda,none,F,25/1/14,0,NA,2014,1,2,1,3,3,2,3,1,1,1,3,1,2,3,,,,,,27
104,Nobanda,Elimi,F,25/1/14,0,NA,2014,2,3,2,3,2,3,3,2,2,3,3,3,2,3,,,,,,36
105,Nobanda,Dutch,F,25/1/14,0,NA,2014,1,3,2,2,2,3,2,2,2,1,3,2,2,3,,,,,,30
106,Nobanda,Dutch,F,25/1/14,0,NA,2014,3,3,2,3,3,3,2,3,3,3,3,3,3,3,,,,,,40
107,Nobanda,Dutch,F,25/1/14,0,NA,2014,2,2,3,2,3,2,3,3,2,2,2,1,3,3,,,,,,33
108,Nobanda,Dutch,F,25/1/14,0,NA,2014,2,1,3,2,3,3,3,2,2,1,3,2,2,3,,,,,,32
109,Nobanda,Dutch,M,25/1/14,0,NA,2014,3,2,3,3,3,3,1,3,2,2,2,3,2,3,,,,,,35
110,Nobanda,Dutch,M,25/1/14,0,NA,2014,2,3,2,1,3,2,3,2,1,1,2,1,2,3,,,,,,28
111,Nobanda,Dutch,M,25/1/14,0,NA,2014,2,3,3,2,3,3,2,2,2,1,1,3,2,3,,,,,,32
112,Nobanda,none,M,25/1/14,0,NA,2014,2,3,1,2,2,3,2,2,2,1,3,1,2,2,,,,,,28
113,Nobanda,none,M,25/1/14,0,NA,2014,3,3,2,3,3,1,2,1,3,1,1,3,1,1,,,,,,28
114,Nobanda,Dutch,M,25/1/14,0,NA,2014,2,3,1,3,3,3,3,2,3,1,2,1,1,1,,,,,,29
115,Nobanda,Dutch,M,25/1/14,0,NA,2014,2,3,1,2,3,3,1,2,1,1,1,1,1,2,,,,,,24
116,Nobanda,Dutch,M,25/1/14,0,NA,2014,3,3,1,2,3,2,3,2,1,1,1,3,1,2,,,,,,28
117,Mabane,Sbukosezwe,F,6/2/15,1,NA,2015,1,,3,2,3,3,3,1,,,2,3,2,,1,3,1,2,,30
118,Mabane,Sbukosezwe,F,6/2/15,1,NA,2015,1,,3,1,2,2,3,2,,,2,1,1,,1,3,1,2,,25
119,Mabane,Unakekelo,F,6/2/15,1,NA,2015,1,,3,3,3,3,3,1,,,3,3,1,,1,3,1,2,,31
120,Mabane,Unakekelo,F,6/2/15,1,NA,2015,2,,1,3,3,3,3,1,,,2,3,2,,1,3,3,3,,33
121,Mabane,Unakekelo,F,6/2/15,1,NA,2015,2,,2,3,3,3,3,2,,,3,3,2,,1,1,2,3,,33
122,Mabane,Sbukosezwe,F,6/2/15,1,NA,2015,2,,3,2,3,2,3,2,,,3,3,3,,1,3,1,3,,34
123,Mabane,Sbukosezwe,F,6/2/15,1,NA,2015,3,,3,3,3,3,3,2,,,2,3,2,,1,3,1,2,,34
124,Mabane,Sbukosezwe,F,6/2/15,1,NA,2015,1,,3,1,1,1,2,1,,,2,1,2,,1,3,1,1,,21
125,Mabane,Sbukosezwe,F,6/2/15,1,NA,2015,2,,3,2,3,3,3,3,,,2,3,2,,2,1,2,2,,33
126,Mabane,Sbukosezwe,F,6/2/15,1,NA,2015,1,,3,3,3,3,3,3,,,3,3,3,,1,1,1,1,,32
127,Mabane,Unakekelo,F,6/2/15,1,NA,2015,2,,3,3,3,3,3,2,,,3,1,2,,1,3,3,3,,35
128,Mabane,Sbukosezwe,M,6/2/15,1,NA,2015,3,,3,2,3,3,3,3,,,3,3,3,,2,1,2,1,,35
129,Mabane,Sbukosezwe,M,6/2/15,1,NA,2015,2,,3,2,3,3,3,2,,,3,3,2,,1,3,2,1,,33
130,Mabane,Sbukosezwe,M,6/2/15,1,NA,2015,3,,3,2,3,3,3,2,,,3,1,2,,2,3,1,3,,34
131,Mabane,Sbukosezwe,M,6/2/15,1,NA,2015,3,,3,2,3,3,3,2,,,3,3,2,,1,1,1,3,,33
132,Mabane,Sbukosezwe,M,6/2/15,1,NA,2015,3,,3,3,3,3,3,3,,,2,2,3,,1,3,1,3,,36
133,Mabane,Unakekelo,M,6/2/15,1,NA,2015,2,,3,2,2,3,3,2,,,1,1,2,,1,3,2,3,,30
134,Mabane,Sbukosezwe,M,6/2/15,1,NA,2015,2,,3,3,3,3,3,2,,,3,3,2,,1,3,1,2,,34
135,Mabane,Unakekelo,M,6/2/15,1,NA,2015,2,,1,2,3,2,3,1,,,3,1,2,,1,1,1,2,,25
136,Mabane,Sbukosezwe,M,6/2/15,1,NA,2015,3,,3,3,3,3,3,3,,,3,3,3,,1,3,1,1,,36
137,Mabane,Unakekelo,M,6/2/15,1,NA,2015,2,,3,2,3,3,3,2,,,3,1,3,,1,3,1,3,,33
138,Nobanda,KwaNomusa,F,5/2/15,1,NA,2015,3,,3,3,3,3,3,3,,,2,3,3,,3,3,2,2,,39
139,Nobanda,KwaNomusa,F,5/2/15,1,NA,2015,3,,3,2,3,3,3,1,,,3,3,3,,3,3,2,2,,37
140,Nobanda,Raphs,F,5/2/15,1,NA,2015,2,,3,3,3,3,3,3,,,3,3,3,,1,3,2,1,,36
141,Nobanda,KwaNomusa,F,5/2/15,1,NA,2015,3,,3,3,3,3,3,3,,,3,3,3,,3,3,3,1,,40
142,Nobanda,Raphs,F,5/2/15,1,NA,2015,2,,3,3,3,1,3,1,,,3,3,2,,2,3,2,1,,32
143,Nobanda,Raphs,F,5/2/15,1,NA,2015,2,,3,3,3,3,3,2,,,2,3,2,,1,3,2,1,,33
144,Nobanda,KwaNomusa,F,5/2/15,1,NA,2015,2,,3,3,3,3,3,3,,,1,3,2,,2,3,2,1,,34
145,Nobanda,KwaNomusa,F,5/2/15,1,NA,2015,3,,2,3,3,3,3,2,,,3,3,2,,2,3,2,2,,36
146,Nobanda,Raphs,F,5/2/15,1,NA,2015,3,,3,3,3,3,3,2,,,3,3,3,,3,3,2,2,,39
147,Nobanda,KwaNomusa,M,5/2/15,1,NA,2015,2,,2,3,3,3,3,3,,,3,3,2,,1,3,2,3,,36
148,Nobanda,Raphs,M,5/2/15,1,NA,2015,3,,3,3,3,3,3,3,,,1,3,2,,1,3,2,3,,36
149,Nobanda,KwaNomusa,M,5/2/15,1,NA,2015,3,,3,3,3,3,3,3,,,3,3,3,,1,3,2,3,,39
150,Nobanda,KwaNomusa,M,5/2/15,1,NA,2015,1,,1,2,3,3,3,1,,,2,1,2,,1,3,2,2,,27
151,Nobanda,Raphs,M,5/2/15,1,NA,2015,2,,3,2,3,3,3,1,,,2,3,3,,1,3,2,3,,34
152,Nobanda,Raphs,M,5/2/15,1,NA,2015,3,,3,2,1,3,3,2,,,2,3,2,,1,3,2,2,,32
153,Nobanda,Raphs,M,5/2/15,1,NA,2015,3,,3,2,3,1,3,3,,,2,3,2,,1,3,3,2,,34
154,Nobanda,KwaNomusa,M,5/2/15,1,NA,2015,3,,3,3,3,3,3,3,,,3,3,2,,1,3,3,2,,38
155,Nobanda,KwaNomusa,M,5/2/15,1,NA,2015,3,,3,3,3,3,3,3,,,3,3,3,,3,3,2,3,,41
156,Nobanda,Raphs,M,5/2/15,1,NA,2015,2,,3,3,3,2,3,3,,,2,3,1,,1,1,2,2,,31
157,Mabane,none,F,6/2/15,0,NA,2015,1,,3,3,3,3,3,1,,,1,1,3,,1,1,1,1,,26
158,Mabane,none,F,6/2/15,0,NA,2015,3,,3,2,3,3,3,1,,,3,1,3,,1,1,1,3,,31
159,Mabane,none,F,6/2/15,0,NA,2015,3,,3,2,3,3,2,1,,,2,1,1,,1,3,1,1,,27
160,Mabane,none,F,6/2/15,0,NA,2015,2,,3,2,3,2,2,1,,,2,1,3,,1,3,1,2,,28
161,Mabane,Hallelujah,F,6/2/15,0,NA,2015,1,,3,2,3,1,3,2,,,1,1,2,,1,3,1,2,,26
162,Mabane,Hallelujah,F,6/2/15,0,NA,2015,2,,3,1,3,1,3,1,,,1,1,2,,1,1,1,3,,24
163,Mabane,none,F,6/2/15,0,NA,2015,2,,3,1,3,2,3,3,,,1,3,1,,1,3,1,3,,30
164,Mabane,none,F,6/2/15,0,NA,2015,2,,3,2,3,1,3,2,,,1,3,1,,1,1,1,2,,26
165,Mabane,none,F,6/2/15,0,NA,2015,1,,3,3,3,3,3,1,,,2,1,3,,1,3,2,1,,30
166,Mabane,none,M,6/2/15,0,NA,2015,3,,3,3,3,3,3,3,,,2,3,2,,2,3,1,2,,36
167,Mabane,none,M,6/2/15,0,NA,2015,1,,3,1,1,2,3,1,,,3,1,1,,1,3,1,2,,24
168,Mabane,none,M,6/2/15,0,NA,2015,1,,1,1,3,3,3,1,,,1,1,1,,1,1,1,2,,21
169,Mabane,none,M,6/2/15,0,NA,2015,1,,1,1,1,1,3,1,,,1,1,1,,1,3,1,1,,18
170,Mabane,none,M,6/2/15,0,NA,2015,2,,1,1,3,3,3,1,,,1,3,3,,1,1,1,3,,27
171,Mabane,none,M,6/2/15,0,NA,2015,3,,1,2,3,1,3,1,,,3,1,3,,1,1,1,3,,27
172,Mabane,none,M,6/2/15,0,NA,2015,1,,1,3,3,3,3,1,,,3,3,1,,1,1,2,1,,27
173,Mabane,none,M,6/2/15,0,NA,2015,1,,1,1,3,1,3,1,,,2,1,1,,1,1,1,2,,20
174,Mabane,none,M,6/2/15,0,NA,2015,1,,1,3,3,3,3,1,,,2,3,3,,1,3,1,1,,29
175,Mabane,none,M,6/2/15,0,NA,2015,1,,1,3,3,2,1,1,,,1,1,1,,1,3,2,1,,22
176,Nobanda,Dutch,F,5/2/15,0,NA,2015,3,,3,3,3,3,3,2,,,3,3,1,,2,3,3,3,,38
177,Nobanda,Dutch,F,5/2/15,0,NA,2015,3,,3,1,3,3,3,1,,,1,3,2,,1,3,2,1,,30
178,Nobanda,none,F,5/2/15,0,NA,2015,3,,3,2,3,3,3,2,,,2,3,1,,1,3,2,1,,32
179,Nobanda,none,F,5/2/15,0,NA,2015,2,,3,1,3,3,3,3,,,2,3,3,,1,3,2,3,,35
180,Nobanda,none,F,5/2/15,0,NA,2015,2,,1,1,1,3,3,1,,,1,3,1,,1,3,2,1,,24
181,Nobanda,Dutch,F,5/2/15,0,NA,2015,3,,1,3,3,3,3,2,,,3,3,3,,2,3,3,3,,38
182,Nobanda,Dutch,F,5/2/15,0,NA,2015,2,,3,3,3,3,3,1,,,2,3,3,,2,3,2,1,,34
183,Nobanda,none,F,5/2/15,0,NA,2015,2,,1,1,3,2,2,2,,,1,1,1,,1,3,2,1,,23
184,Nobanda,Dutch,F,5/2/15,0,NA,2015,3,,3,3,3,3,3,2,,,3,3,3,,3,3,3,1,,39
185,Nobanda,Dutch,F,5/2/15,0,NA,2015,1,,3,3,3,3,2,2,,,3,3,2,,2,3,1,1,,32
186,Nobanda,Dutch,F,5/2/15,0,NA,2015,2,,3,3,3,3,3,3,,,3,3,2,,1,3,2,2,,36
187,Nobanda,none,M,5/2/15,0,NA,2015,1,,1,2,3,1,2,2,,,3,2,1,,1,3,1,3,,26
188,Nobanda,none,M,5/2/15,0,NA,2015,1,,1,2,3,3,3,2,,,1,3,2,,3,1,2,3,,30
189,Nobanda,Dutch,M,5/2/15,0,NA,2015,1,,1,1,3,3,3,1,,,1,3,1,,1,3,1,1,,24
190,Nobanda,none,M,5/2/15,0,NA,2015,1,,1,1,3,3,3,1,,,1,3,3,,1,1,1,1,,24
191,Nobanda,Dutch,M,5/2/15,0,NA,2015,3,,1,3,3,3,3,1,,,1,3,3,,1,1,1,1,,28
192,Nobanda,Dutch,M,5/2/15,0,NA,2015,1,,1,2,1,2,3,1,,,1,1,1,,1,3,1,1,,20
193,Nobanda,none,M,5/2/15,0,NA,2015,3,,1,2,1,3,3,1,,,2,1,1,,1,3,2,1,,25
194,Nobanda,Dutch,M,5/2/15,0,NA,2015,2,,1,3,1,3,3,2,,,1,3,3,,1,3,2,1,,29
195,Nobanda,none,M,5/2/15,0,NA,2015,1,,1,2,2,3,3,1,,,1,1,1,,1,3,2,3,,25
196,Nobanda,none,M,5/2/15,0,NA,2015,1,,1,1,1,1,1,1,,,1,1,1,,1,1,1,1,,14
197,Nobanda,KwaNomusa,F,1/28/2016,1,NA,2016,3,,3,2,3,3,2,3,,,3,3,2,,1,3,2,2,,35
198,Nobanda,Raphs,F,1/28/2016,1,NA,2016,2,,3,3,3,3,2,3,,,3,3,3,,1,3,3,2,,37
199,Nobanda,KwaNomusa,F,1/28/2016,1,NA,2016,2,,3,2,3,3,2,3,,,2,1,1,,1,1,1,3,,28
200,Nobanda,KwaNomusa,F,1/28/2016,1,NA,2016,2,,3,2,3,2,2,3,,,3,2,2,,1,3,1,3,,32
201,Nobanda,KwaNomusa,F,1/28/2016,1,NA,2016,3,,3,3,3,3,3,3,,,2,3,2,,2,3,1,2,,36
202,Nobanda,KwaNomusa,F,1/28/2016,1,NA,2016,2,,3,3,3,3,2,3,,,3,1,3,,1,3,3,3,,36
203,Nobanda,Raphs,F,1/28/2016,1,NA,2016,3,,3,3,3,3,3,3,,,3,3,3,,2,3,2,3,,40
204,Nobanda,KwaNomusa,F,1/28/2016,1,NA,2016,3,,3,3,3,3,3,3,,,1,3,2,,3,3,2,1,,36
205,Nobanda,iThemba,F,1/28/2016,1,NA,2016,3,,3,3,3,3,3,1,,,3,3,3,,2,3,1,3,,37
206,Nobanda,Sbongi,F,1/28/2016,1,NA,2016,3,,3,2,3,3,2,1,,,1,1,3,,2,3,1,3,,31
207,Nobanda,KwaNomusa,M,1/28/2016,1,NA,2016,3,,3,2,3,2,3,2,,,3,3,2,,3,3,2,1,,35
208,Nobanda,KwaNomusa,M,1/28/2016,1,NA,2016,3,,3,2,3,3,3,1,,,3,3,2,,2,3,2,3,,36
209,Nobanda,Raphs,M,1/28/2016,1,NA,2016,1,,1,1,1,3,3,2,,,1,1,2,,2,3,1,2,,24
210,Nobanda,Raphs,M,1/28/2016,1,NA,2016,3,,3,2,3,3,3,2,,,2,3,3,,1,3,1,3,,35
211,Nobanda,KwaNomusa,M,1/28/2016,1,NA,2016,1,,3,1,3,3,3,2,,,3,3,2,,3,3,1,3,,34
212,Nobanda,KwaNomusa,M,1/28/2016,1,NA,2016,3,,3,2,3,3,3,3,,,3,3,2,,2,3,1,3,,37
213,Nobanda,KwaNomusa,M,1/28/2016,1,NA,2016,2,,3,3,3,3,3,3,,,2,3,3,,1,3,1,2,,35
214,Nobanda,KwaNomusa,M,1/28/2016,1,NA,2016,3,,3,2,3,2,3,1,,,1,3,3,,1,3,1,2,,31
215,Nobanda,Raphs,M,1/28/2016,1,NA,2016,2,,3,3,3,1,3,3,,,1,3,2,,1,2,1,2,,30
216,Nobanda,KwaNomusa,M,1/28/2016,1,NA,2016,3,,3,3,3,3,3,3,,,3,1,3,,1,2,1,3,,35
217,Mabane,Sbukosezwe,F,1/29/2016,1,NA,2016,3,,3,3,3,3,3,3,,,3,3,1,,1,3,1,3,,36
218,Mabane,Sbukosezwe,F,1/29/2016,1,NA,2016,3,,3,3,3,3,3,3,,,2,3,2,,1,3,1,3,,36
219,Mabane,Sbukosezwe,F,1/29/2016,1,NA,2016,2,,3,3,3,3,3,3,,,3,3,2,,1,3,1,1,,34
220,Mabane,KwaNomusa,F,1/29/2016,1,NA,2016,2,,3,3,3,3,2,3,,,3,3,2,,2,3,2,2,,36
221,Mabane,Sbukosezwe,F,1/29/2016,1,NA,2016,3,,3,2,3,3,3,1,,,2,1,2,,1,3,1,3,,31
222,Mabane,Sbukosezwe,F,1/29/2016,1,NA,2016,1,,3,2,3,3,3,2,,,2,2,1,,1,3,1,3,,30
223,Mabane,Sbukosezwe,F,1/29/2016,1,NA,2016,1,,3,2,3,3,3,1,,,1,3,1,,2,3,1,3,,30
224,Mabane,Sbukosezwe,F,1/29/2016,1,NA,2016,2,,3,2,3,3,3,1,,,3,1,2,,2,3,1,2,,31
225,Mabane,Sbukosezwe,F,1/29/2016,1,NA,2016,2,,3,2,3,1,3,1,,,3,3,1,,2,3,1,2,,30
226,Mabane,SiyaZama,F,1/29/2016,1,NA,2016,2,,3,3,3,3,3,1,,,3,3,2,,2,1,1,3,,33
227,Mabane,Sbukosezwe,M,1/29/2016,1,NA,2016,2,,3,1,3,2,3,1,,,1,1,3,,2,3,1,3,,29
228,Mabane,Sbukosezwe,M,1/29/2016,1,NA,2016,2,,3,1,3,1,3,1,,,2,1,3,,1,3,1,2,,27
229,Mabane,Sbukosezwe,M,1/29/2016,1,NA,2016,2,,3,3,3,3,3,2,,,2,2,2,,1,3,1,2,,32
230,Mabane,Sbukosezwe,M,1/29/2016,1,NA,2016,2,,3,1,3,3,3,2,,,2,3,1,,1,3,1,3,,31
231,Mabane,Sbukosezwe,M,1/29/2016,1,NA,2016,1,,3,2,3,1,3,2,,,1,2,2,,1,3,1,1,,26
232,Mabane,Sbukosezwe,M,1/29/2016,1,NA,2016,2,,3,2,2,2,3,1,,,3,3,1,,2,3,1,3,,31
233,Mabane,Sbukosezwe,M,1/29/2016,1,NA,2016,2,,2,1,3,3,3,3,,,3,3,2,,2,3,1,3,,34
234,Mabane,Sbukosezwe,M,1/29/2016,1,NA,2016,2,,2,2,3,1,3,1,,,2,3,3,,2,3,1,1,,29
235,Mabane,Sbukosezwe,M,1/29/2016,1,NA,2016,2,,2,2,3,3,3,1,,,3,1,2,,2,3,1,1,,29
236,Mabane,Sbukosezwe,M,1/29/2016,1,NA,2016,1,,3,3,3,3,3,1,,,3,1,3,,1,3,1,3,,32
237,Mabane,Sbukosezwe,M,1/29/2016,1,NA,2016,2,,3,2,3,3,3,1,,,3,3,2,,1,3,1,1,,31
238,Mabane,Sbukosezwe,M,1/29/2016,1,NA,2016,2,,3,3,3,2,2,3,,,3,2,3,,1,1,1,2,,31
239,Nobanda,KwaShelembe,F,1/28/2016,0,NA,2016,2,,3,2,1,1,3,1,,,1,1,2,,1,3,1,2,,24
240,Nobanda,Mbutsane,F,1/28/2016,0,NA,2016,1,,3,2,3,2,2,1,,,2,1,3,,2,3,1,1,,27
241,Nobanda,none,F,1/28/2016,0,NA,2016,2,,3,3,3,2,3,1,,,1,3,1,,1,3,1,2,,29
242,Nobanda,none,F,1/28/2016,0,NA,2016,3,,3,2,3,3,3,1,,,1,3,3,,3,3,1,2,,34
243,Nobanda,Dutch,F,1/28/2016,0,NA,2016,3,,3,1,3,3,3,2,,,2,3,2,,2,3,3,2,,35
244,Nobanda,Dutch,F,1/28/2016,0,NA,2016,2,,3,2,3,3,3,2,,,2,3,2,,2,3,1,3,,34
245,Nobanda,Dutch,F,1/28/2016,0,NA,2016,2,,1,3,3,3,3,1,,,3,3,1,,1,3,1,2,,30
246,Nobanda,Dutch,F,1/28/2016,0,NA,2016,1,,3,2,3,2,3,1,,,1,3,3,,1,3,2,2,,30
247,Nobanda,Dutch,F,1/28/2016,0,NA,2016,3,,3,3,3,3,3,1,,,3,2,2,,1,3,1,3,,34
248,Nobanda,Dutch,F,1/28/2016,0,NA,2016,2,,1,3,3,2,3,1,,,3,3,2,,2,3,1,3,,32
249,Nobanda,none,M,1/28/2016,0,NA,2016,2,,1,3,3,3,3,1,,,3,3,2,,3,3,2,3,,35
250,Nobanda,none,M,1/28/2016,0,NA,2016,2,,3,3,2,1,3,1,,,2,3,2,,3,3,1,3,,32
251,Nobanda,none,M,1/28/2016,0,NA,2016,2,,3,2,3,2,3,1,,,1,3,3,,2,3,3,3,,34
252,Nobanda,none,M,1/28/2016,0,NA,2016,2,,3,2,3,2,3,1,,,1,2,3,,3,3,1,2,,31
253,Nobanda,Ndabezinhle,M,1/28/2016,0,NA,2016,2,,3,3,3,3,3,1,,,1,3,2,,2,3,1,3,,33
254,Nobanda,Dutch,M,1/28/2016,0,NA,2016,3,,3,3,3,3,3,1,,,2,3,3,,3,1,2,3,,36
255,Nobanda,none,M,1/28/2016,0,NA,2016,2,,1,2,3,1,2,1,,,1,3,1,,2,1,1,1,,22
256,Nobanda,Dutch,M,1/28/2016,0,NA,2016,2,,1,2,3,3,2,2,,,2,3,1,,1,3,2,1,,28
257,Nobanda,Dutch,M,1/28/2016,0,NA,2016,2,,2,2,3,3,3,1,,,2,3,3,,2,3,2,1,,32
258,Nobanda,Dutch,M,1/28/2016,0,NA,2016,1,,2,2,3,2,3,1,,,2,3,1,,1,1,1,3,,26
259,Mabane,none,F,1/29/2016,0,NA,2016,1,,3,2,1,2,3,1,,,2,1,2,,1,3,1,2,,25
260,Mabane,none,F,1/29/2016,0,NA,2016,1,,3,3,2,3,3,1,,,2,2,3,,1,3,1,3,,31
261,Mabane,none,F,1/29/2016,0,NA,2016,1,,3,2,1,1,3,1,,,3,1,1,,1,3,1,2,,24
262,Mabane,none,F,1/29/2016,0,NA,2016,1,,3,3,1,1,1,1,,,2,1,1,,1,1,1,1,,19
263,Mabane,Thanduxolo,F,1/29/2016,0,NA,2016,3,,2,3,3,3,3,1,,,3,2,3,,1,3,2,3,,35
264,Mabane,none,F,1/29/2016,0,NA,2016,2,,3,3,3,2,3,1,,,2,3,1,,2,3,1,1,,30
265,Mabane,none,F,1/29/2016,0,NA,2016,1,,3,2,3,2,2,1,,,1,1,1,,1,3,1,1,,23
266,Mabane,none,F,1/29/2016,0,NA,2016,1,,3,2,3,3,3,1,,,1,3,1,,1,3,2,3,,30
267,Mabane,none,F,1/29/2016,0,NA,2016,3,,3,2,3,3,3,1,,,1,3,2,,1,3,1,3,,32
268,Mabane,none,F,1/29/2016,0,NA,2016,1,,3,2,3,2,2,1,,,3,3,2,,1,1,1,2,,27
269,Mabane,none,M,1/29/2016,0,NA,2016,3,,1,1,2,3,3,1,,,2,3,1,,1,3,1,3,,28
270,Mabane,none,M,1/29/2016,0,NA,2016,2,,2,2,2,3,3,1,,,1,2,1,,1,1,2,1,,24
271,Mabane,none,M,1/29/2016,0,NA,2016,1,,1,2,3,3,3,1,,,2,3,1,,1,3,1,3,,28
272,Mabane,none,M,1/29/2016,0,NA,2016,3,,3,2,3,3,3,1,,,3,3,1,,2,3,1,3,,34
273,Mabane,none,M,1/29/2016,0,NA,2016,2,,1,2,3,1,3,1,,,1,3,3,,1,1,1,2,,25
274,Mabane,Mpumuza,M,1/29/2016,0,NA,2016,2,,2,2,3,1,3,1,,,1,1,2,,1,1,1,2,,23
275,Mabane,none,M,1/29/2016,0,NA,2016,2,,3,2,3,2,2,1,,,2,3,2,,1,3,1,2,,29
276,Mabane,none,M,1/29/2016,0,NA,2016,1,,1,1,3,3,2,1,,,1,1,1,,1,3,1,1,,21
277,Nobanda,iThemba,F,2/6/2017,1,0,2017,3,,3,3,3,3,3,2,,,2,1,,,2,3,1,2,1,32
278,Nobanda,iThemba,F,2/6/2017,1,0,2017,2,,3,3,3,3,2,1,,,1,1,,,1,3,1,2,3,29
279,Nobanda,KwaNomusa,F,2/6/2017,1,0,2017,3,,3,3,3,3,3,2,,,3,3,,,1,3,3,1,3,37
280,Nobanda,KwaNomusa,F,2/6/2017,1,0,2017,3,,3,3,3,3,2,3,,,2,1,,,2,3,3,1,3,35
281,Nobanda,St Raphaels,F,2/6/2017,1,0,2017,3,,3,3,3,3,3,3,,,3,1,,,3,3,3,3,3,40
282,Nobanda,KwaNomusa,F,2/6/2017,1,0,2017,3,,3,2,1,3,3,2,,,3,1,,,1,3,1,3,3,32
283,Nobanda,KwaNomusa,F,2/6/2017,1,0,2017,3,,3,1,3,3,2,2,,,3,3,,,1,3,1,3,3,34
284,Nobanda,St Raphaels,F,2/6/2017,1,0,2017,2,,3,2,3,3,3,2,,,1,1,,,1,3,1,1,2,28
285,Nobanda,St Raphaels,F,2/6/2017,1,0,2017,1,,3,3,3,1,2,2,,,2,3,,,1,3,2,2,3,31
286,Nobanda,St Raphaels,F,2/6/2017,1,0,2017,3,,3,1,3,3,3,2,,,2,1,,,1,3,1,2,3,31
287,Nobanda,KwaNomusa,M,2/6/2017,1,0,2017,1,,3,2,3,1,1,1,,,2,1,,,1,3,1,1,2,23
288,Nobanda,KwaNomusa,M,2/6/2017,1,0,2017,3,,3,3,3,3,3,3,,,3,3,,,1,3,2,1,3,37
289,Nobanda,KwaNomusa,M,2/6/2017,1,0,2017,3,,3,2,3,3,1,3,,,1,2,,,1,3,1,2,3,31
290,Nobanda,KwaNomusa,M,2/6/2017,1,0,2017,3,,3,3,3,3,3,3,,,1,3,,,1,3,2,2,3,36
291,Nobanda,KwaNomusa,M,2/6/2017,1,0,2017,3,,3,2,3,3,3,1,,,3,1,,,1,3,2,1,1,30
292,Nobanda,KwaNomusa,M,2/6/2017,1,0,2017,3,,3,2,3,2,2,1,,,3,1,,,2,3,1,1,3,30
293,Nobanda,KwaNomusa,M,2/6/2017,1,0,2017,2,,3,3,3,2,2,3,,,3,3,,,1,3,1,2,3,34
294,Nobanda,KwaNomusa,M,2/6/2017,1,0,2017,3,,3,3,3,3,3,3,,,3,1,,,1,3,1,3,3,36
295,Nobanda,KwaNomusa,M,2/6/2017,1,0,2017,2,,3,2,3,2,3,2,,,3,1,,,1,3,1,1,1,28
296,Nobanda,St Raphaels,M,2/6/2017,1,0,2017,1,,3,2,3,2,3,1,,,3,1,,,1,3,1,3,3,30
297,Mabane,Sbukosezwe,F,2/7/2017,1,1,2017,2,,3,3,3,3,2,3,,,3,1,,,3,3,1,3,3,36
298,Mabane,Baby Mama,F,2/7/2017,1,1,2017,3,,3,3,3,3,3,1,,,3,1,,,2,3,1,2,3,34
299,Mabane,Siyakhula,F,2/7/2017,1,1,2017,2,,2,3,3,1,3,1,,,3,1,,,1,3,1,2,3,29
300,Mabane,Sbukosezwe,F,2/7/2017,1,0,2017,3,,3,3,3,3,3,3,,,3,1,,,2,3,3,3,3,39
301,Mabane,Sbukosezwe,F,2/7/2017,1,0,2017,1,,3,3,3,3,3,1,,,3,3,,,1,3,1,3,3,34
302,Mabane,Sbukosezwe,F,2/7/2017,1,0,2017,1,,3,2,3,1,3,1,,,3,3,,,2,3,1,2,3,31
303,Mabane,Sbukosezwe,F,2/7/2017,1,0,2017,3,,3,3,3,2,3,3,,,3,3,,,1,3,1,3,3,37
304,Mabane,Sbukosezwe,F,2/7/2017,1,0,2017,2,,3,3,3,3,2,1,,,3,3,,,1,3,1,3,3,34
305,Mabane,Sbukosezwe,F,2/7/2017,1,0,2017,3,,3,2,3,3,2,1,,,3,3,,,1,3,1,3,3,34
306,Mabane,Sbukosezwe,F,2/7/2017,1,0,2017,2,,3,2,3,3,3,1,,,1,3,,,1,3,2,3,3,33
307,Mabane,Unakekelo,M,2/7/2017,1,0,2017,2,,3,2,3,3,3,1,,,3,3,,,1,3,1,3,3,34
308,Mabane,Sbukosezwe,M,2/7/2017,1,1,2017,2,,3,2,3,3,2,3,,,3,3,,,1,3,1,3,3,35
309,Mabane,Sbukosezwe,M,2/7/2017,1,0,2017,2,,3,2,3,3,3,1,,,3,2,,,2,1,1,2,3,31
310,Mabane,Sbukosezwe,M,2/7/2017,1,1,2017,3,,1,3,3,3,1,3,,,3,1,,,2,3,1,3,2,32
311,Mabane,KwaNomusa,M,2/7/2017,1,0,2017,3,,3,3,3,3,3,2,,,3,3,,,1,3,1,3,3,37
312,Mabane,Sbukosezwe,M,2/7/2017,1,1,2017,1,,3,2,3,3,3,1,,,3,1,,,1,3,1,2,3,30
313,Mabane,Sbukosezwe,M,2/7/2017,1,1,2017,1,,3,2,3,3,3,2,,,3,1,,,1,3,2,3,2,32
314,Mabane,Sbukosezwe,M,2/7/2017,1,1,2017,2,,3,3,3,3,2,2,,,2,3,,,1,3,1,2,3,33
315,Mabane,Sbukosezwe,M,2/7/2017,1,0,2017,1,,3,2,3,3,2,2,,,3,3,,,2,3,2,3,3,35
316,Mabane,Sbukosezwe,M,2/7/2017,1,0,2017,1,,3,3,3,2,2,2,,,2,3,,,2,3,1,3,2,32
317,Mabane,Sbukosezwe,F,2/7/2017,1,0,2017,2,,3,2,3,3,1,1,,,1,2,,,1,1,1,3,3,27
318,Sweetwaters,Sunrise,F,2/9/2017,1,0,2017,3,,3,3,3,3,3,2,,,2,3,,,1,3,2,3,3,37
319,Sweetwaters,Sunrise,F,2/9/2017,1,0,2017,1,,3,3,3,1,3,2,,,3,3,,,1,3,1,2,3,32
320,Sweetwaters,Sunrise,F,2/9/2017,1,0,2017,3,,3,3,3,3,2,1,,,2,3,,,1,3,2,2,3,34
321,Sweetwaters,Sbukosezwe,F,2/9/2017,1,0,2017,1,,3,2,3,2,3,2,,,2,3,,,1,3,1,3,2,31
322,Sweetwaters,iThemba,F,2/9/2017,1,0,2017,3,,2,3,3,2,2,2,,,3,3,,,3,3,2,3,3,37
323,Sweetwaters,iThemba,F,2/9/2017,1,0,2017,2,,3,2,3,1,2,1,,,2,1,,,1,3,1,2,3,27
324,Sweetwaters,iThemba,F,2/9/2017,1,0,2017,3,,2,3,3,3,2,2,,,3,1,,,2,3,2,1,3,33
325,Sweetwaters,iThemba,F,2/9/2017,1,0,2017,2,,3,3,3,3,2,2,,,3,3,,,2,3,1,2,1,33
326,Sweetwaters,Sbongisbusiso,F,2/9/2017,1,0,2017,3,,3,2,3,2,3,3,,,2,3,,,1,3,1,2,3,34
327,Sweetwaters,Sbongisbusiso,F,2/9/2017,1,0,2017,2,,3,1,3,2,3,1,,,2,1,,,1,3,1,3,3,29
328,Sweetwaters,Sunrise,M,2/9/2017,1,0,2017,3,,3,3,3,3,3,3,,,3,1,,,1,3,2,1,3,35
329,Sweetwaters,Sunrise,M,2/9/2017,1,0,2017,3,,3,2,3,3,3,3,,,3,2,,,1,3,2,1,3,35
330,Sweetwaters,Sunrise,M,2/9/2017,1,0,2017,2,,3,3,3,3,3,2,,,2,3,,,1,3,1,2,3,34
331,Sweetwaters,Sunrise,M,2/9/2017,1,0,2017,3,,3,2,3,2,3,2,,,3,3,,,1,3,1,3,1,33
332,Sweetwaters,Sunrise,M,2/9/2017,1,0,2017,3,,3,2,3,2,3,2,,,2,1,,,2,1,1,1,1,27
333,Sweetwaters,Sunrise,M,2/9/2017,1,0,2017,2,,3,3,3,3,3,3,,,3,2,,,2,3,2,3,3,38
334,Sweetwaters,Sunrise,M,2/9/2017,1,0,2017,3,,3,3,3,3,3,3,,,3,3,,,3,3,2,3,3,41
335,Sweetwaters,Sunrise,M,2/9/2017,1,0,2017,2,,3,3,3,3,3,2,,,3,3,,,3,3,2,1,3,37
336,Sweetwaters,iThemba,M,2/9/2017,1,0,2017,3,,3,3,3,3,3,3,,,3,1,,,2,3,1,3,3,37
337,Sweetwaters,iThemba,M,2/9/2017,1,0,2017,3,,3,2,3,2,1,2,,,3,3,,,1,3,1,2,3,32
338,Mbubu,Siyakhula,F,2/10/2017,1,0,2017,3,,3,3,3,3,3,3,,,2,3,,,2,3,3,2,3,39
339,Mbubu,Umkhuleko,F,2/10/2017,1,0,2017,2,,3,3,3,3,3,2,,,3,3,,,3,3,3,3,3,40
340,Mbubu,Umkhuleko,F,2/10/2017,1,0,2017,3,,3,3,3,2,3,2,,,3,2,,,3,3,3,2,3,38
341,Mbubu,Umkhuleko,F,2/10/2017,1,0,2017,3,,3,3,3,3,3,3,,,2,1,,,2,3,1,3,3,36
342,Mbubu,Umkhuleko,F,2/10/2017,1,0,2017,3,,3,2,3,3,3,2,,,3,3,,,2,3,2,3,2,37
343,Mbubu,Umkhuleko,F,2/10/2017,1,0,2017,3,,3,2,3,2,2,1,,,2,3,,,1,3,1,2,3,31
344,Mbubu,Umkhuleko,F,2/10/2017,1,0,2017,3,,3,3,3,3,2,2,,,2,3,,,1,3,2,3,3,36
345,Mbubu,Umkhuleko,F,2/10/2017,1,0,2017,3,,3,2,3,2,2,2,,,3,1,,,1,1,3,3,2,31
346,Mbubu,Umkhuleko,F,2/10/2017,1,0,2017,3,,3,2,3,1,3,1,,,3,2,,,1,3,3,1,3,32
347,Mbubu,Siyakhula,F,2/10/2017,1,0,2017,3,,3,1,3,3,2,1,,,3,2,,,1,3,1,2,3,31
348,Mbubu,Umkhuleko,M,2/10/2017,1,0,2017,3,,3,3,3,3,2,2,,,1,3,,,1,3,3,3,3,36
349,Mbubu,Umkhuleko,M,2/10/2017,1,0,2017,3,,3,2,3,3,3,1,,,3,3,,,1,3,3,3,2,36
350,Mbubu,Umkhuleko,M,2/10/2017,1,0,2017,1,,3,2,3,3,2,1,,,1,1,,,3,3,1,1,3,28
351,Mbubu,Siyakhula,M,2017/02/10,1,0,2017,2,,3,2,3,2,3,1,,,1,2,,,1,3,3,3,1,30
352,Mbubu,Shayamoya,M,2017/02/10,1,0,2017,3,,3,2,3,3,2,1,,,1,2,,,1,3,3,3,2,32
353,Mbubu,Umkhuleko,M,2017/02/10,1,0,2017,3,,3,2,3,3,3,1,,,1,2,,,3,3,2,3,3,35
354,Mbubu,Umkhuleko,M,2017/02/10,1,0,2017,3,,3,2,3,3,2,3,,,1,1,,,1,1,3,3,2,31
355,Mbubu,Siyakhula,M,2017/02/10,1,0,2017,2,,3,2,3,3,3,1,,,2,1,,,1,3,2,2,2,30
356,Mbubu,Siyakhula,M,2017/02/10,1,0,2017,3,,3,2,3,1,2,1,,,1,1,,,1,3,1,3,1,26
357,Mbubu,Umkhuleko,M,2017/02/10,1,0,2017,2,,3,2,3,1,2,1,,,2,1,,,1,3,1,1,2,25
358,Nobanda,Dutch,F,2017/02/06,0,0,2017,2,,3,2,3,1,3,2,,,3,3,,,1,1,1,3,3,31
359,Nobanda,none,F,2017/02/06,0,0,2017,3,,3,3,3,2,3,3,,,3,2,,,1,3,1,3,3,36
360,Nobanda,none,F,2017/02/06,0,0,2017,1,,3,2,2,1,2,1,,,2,2,,,1,3,1,3,1,25
361,Nobanda,Khulani,F,2017/02/06,0,0,2017,3,,3,3,3,1,3,1,,,2,3,,,1,3,2,3,3,34
362,Nobanda,Dutch,F,2017/02/06,0,0,2017,2,,3,3,3,3,3,1,,,3,3,,,2,3,1,3,1,34
363,Nobanda,Dutch,F,2017/02/06,0,0,2017,1,,3,3,3,2,3,1,,,3,1,,,1,3,1,2,3,30
364,Nobanda,Dutch,F,2017/02/06,0,0,2017,3,,2,3,3,3,3,3,,,3,1,,,1,3,1,3,2,34
365,Nobanda,none,F,2017/02/06,0,0,2017,2,,3,3,3,2,1,1,,,3,1,,,3,3,2,3,2,32
366,Nobanda,Dutch,F,2017/02/06,0,0,2017,2,,3,1,3,2,3,1,,,1,1,,,1,3,1,2,3,27
367,Nobanda,Dutch,F,2017/02/06,0,0,2017,3,,3,2,3,3,3,1,,,1,1,,,3,3,3,3,3,35
368,Nobanda,Dutch,M,2017/02/06,0,0,2017,3,,3,2,3,3,3,1,,,3,1,,,2,3,1,3,1,32
369,Nobanda,none,M,2017/02/06,0,0,2017,2,,1,2,3,2,1,1,,,1,1,,,1,3,1,2,1,22
370,Nobanda,Dutch,M,2017/02/06,0,0,2017,3,,3,2,3,3,3,1,,,3,3,,,2,3,1,2,3,35
371,Nobanda,Dutch,M,2017/02/06,0,0,2017,2,,3,3,3,3,3,1,,,3,3,,,3,1,1,3,3,35
372,Nobanda,Dutch,M,2017/02/06,0,0,2017,1,,3,2,3,3,3,1,,,1,1,,,1,3,1,2,3,28
373,Nobanda,none,M,2017/02/06,0,0,2017,2,,3,2,2,3,2,1,,,3,3,,,1,3,1,2,3,31
374,Nobanda,none,M,2017/02/06,0,0,2017,2,,3,3,2,1,3,1,,,1,1,,,1,1,2,2,1,24
375,Nobanda,Dutch,M,2017/02/06,0,0,2017,3,,3,3,3,3,3,1,,,1,3,,,2,3,3,3,3,37
376,Nobanda,Dutch,M,2017/02/06,0,0,2017,1,,2,3,3,3,2,3,,,1,1,,,1,3,2,1,1,27
377,Nobanda,Dutch,M,2017/02/06,0,0,2017,3,,3,3,3,3,2,1,,,1,3,,,2,3,3,2,3,35
378,Mabane,none,F,2017/02/07,0,0,2017,1,,3,3,2,2,3,1,,,2,1,,,1,1,1,3,1,25
379,Mabane,none,F,2017/02/07,0,0,2017,2,,3,3,3,3,3,1,,,2,1,,,1,3,1,2,2,30
380,Mabane,none,F,2017/02/07,0,0,2017,2,,3,3,3,3,3,1,,,2,1,,,1,3,1,2,3,31
381,Mabane,none,F,2017/02/07,0,0,2017,2,,3,3,3,1,3,1,,,1,1,,,1,3,1,1,3,27
382,Mabane,none,F,2017/02/07,0,0,2017,2,,3,1,3,3,2,1,,,1,1,,,1,3,2,1,3,27
383,Mabane,Gugu Creche,F,2017/02/07,0,0,2017,1,,3,2,3,3,3,1,,,2,3,,,1,1,1,3,2,29
384,Mabane,None,F,2017/02/07,0,0,2017,1,,3,2,3,3,3,1,,,1,1,,,1,3,1,2,1,26
385,Mabane,Thandolwethu,F,2017/02/07,0,0,2017,1,,3,2,3,3,3,1,,,3,1,,,1,3,1,3,2,30
386,Mabane,none,F,2017/02/07,0,1,2017,2,,3,2,3,3,3,1,,,3,3,,,2,3,1,3,3,35
387,Mabane,none,M,2017/02/07,0,1,2017,3,,3,2,3,3,3,1,,,1,2,,,1,3,1,2,1,29
388,Mabane,Ekuthuleni,M,2017/02/07,0,0,2017,2,,3,3,3,3,3,1,,,3,2,,,1,3,2,2,3,34
389,Mabane,none,M,2017/02/07,0,0,2017,2,,2,2,3,2,2,1,,,2,1,,,1,3,1,3,3,28
390,Mabane,none,M,2017/02/07,0,0,2017,3,,1,2,3,3,3,1,,,3,3,,,3,1,1,3,1,31
391,Mabane,none,M,2017/02/07,0,1,2017,2,,3,3,3,3,3,1,,,2,1,,,1,1,2,2,3,30
392,Mabane,none,M,2017/02/07,0,0,2017,2,,3,2,3,3,3,1,,,2,1,,,1,3,1,2,3,30
393,Mabane,none,M,2017/02/07,0,0,2017,1,,1,3,2,2,2,1,,,1,1,,,1,3,1,3,1,23
394,Mabane,none,M,2017/02/07,0,0,2017,3,,3,1,3,3,3,1,,,1,3,,,1,3,1,2,1,29
395,Mabane,none,M,2017/02/07,0,0,2017,1,,1,1,3,2,3,1,,,1,1,,,1,1,1,2,1,20
396,Mabane,none,M,2017/02/07,0,0,2017,1,,3,1,3,1,3,1,,,1,1,,,1,1,1,1,2,21
397,Sweetwaters,none,F,2017/02/09,0,0,2017,2,,3,1,3,2,2,3,,,2,2,,,1,3,1,2,1,28
398,Sweetwaters,none,F,2017/02/09,0,0,2017,3,,3,2,3,3,3,3,,,2,1,,,1,3,1,3,3,34
399,Sweetwaters,none,F,2017/02/09,0,0,2017,3,,3,2,3,2,2,3,,,2,1,,,1,3,1,2,2,30
400,Sweetwaters,none,F,2017/02/09,0,0,2017,3,,3,2,3,1,1,1,,,2,1,,,1,3,1,1,3,26
401,Sweetwaters,none,F,2017/02/09,0,0,2017,1,,3,2,3,1,2,1,,,3,1,,,1,3,1,1,3,26
402,Sweetwaters,none,F,2017/02/09,0,0,2017,3,,2,3,2,3,3,1,,,3,1,,,2,3,1,2,3,32
403,Sweetwaters,none,F,2017/02/09,0,0,2017,3,,3,3,3,3,3,1,,,2,3,,,1,1,1,2,3,32
404,Sweetwaters,none,F,2017/02/09,0,0,2017,3,,3,3,3,3,3,3,,,3,1,,,3,3,1,3,3,38
405,Sweetwaters,none,F,2017/02/09,0,0,2017,1,,3,2,2,2,1,1,,,3,3,,,1,1,1,3,2,26
406,Sweetwaters,none,F,2017/02/09,0,0,2017,1,,3,2,3,3,3,2,,,2,3,,,1,1,1,3,3,31
407,Sweetwaters,none,M,2017/02/09,0,0,2017,1,,1,2,3,3,3,1,,,3,3,,,1,1,1,3,3,29
408,Sweetwaters,none,M,2017/02/09,0,0,2017,3,,3,2,3,3,3,1,,,2,2,,,1,3,1,2,3,32
409,Sweetwaters,none,M,2017/02/09,0,0,2017,3,,1,3,1,3,2,1,,,1,1,,,2,1,2,3,1,25
410,Sweetwaters,none,M,2017/02/09,0,0,2017,2,,3,2,1,2,3,1,,,1,3,,,1,1,1,2,2,25
411,Sweetwaters,none,M,2017/02/09,0,0,2017,2,,1,1,1,3,3,1,,,1,1,,,1,3,1,2,1,22
412,Sweetwaters,none,M,2017/02/09,0,0,2017,3,,3,2,1,2,3,1,,,1,1,,,1,3,1,2,1,25
413,Sweetwaters,none,M,2017/02/09,0,0,2017,2,,3,2,3,3,3,1,,,2,3,,,1,3,1,3,2,32
414,Sweetwaters,none,M,2017/02/09,0,0,2017,1,,3,1,3,2,3,1,,,1,3,,,1,1,1,1,1,23
415,Sweetwaters,none,M,2017/02/09,0,0,2017,1,,3,3,3,1,3,1,,,2,1,,,2,3,1,2,2,28
416,Sweetwaters,Power,M,2017/02/09,0,0,2017,3,,3,2,3,3,2,1,,,2,1,,,1,1,1,1,3,27
417,Mbubu,none,F,2017/02/10,0,0,2017,1,,3,2,3,3,2,1,,,1,3,,,1,1,3,1,2,27
418,Mbubu,none,F,2017/02/10,0,0,2017,3,,3,3,3,3,3,1,,,1,3,,,1,1,1,3,3,32
419,Mbubu,none,F,2017/02/10,0,0,2017,3,,3,2,3,3,3,1,,,1,3,,,1,3,1,3,2,32
420,Mbubu,none,F,2017/02/10,0,0,2017,1,,1,2,3,2,2,1,,,1,1,,,2,3,1,1,3,24
421,Mbubu,none,F,2017/02/10,0,0,2017,3,,3,2,3,1,2,2,,,1,3,,,3,3,3,3,1,33
422,Mbubu,none,F,2017/02/10,0,0,2017,3,,3,3,3,3,2,1,,,1,3,,,1,1,1,3,1,29
423,Mbubu,none,F,2017/02/10,0,0,2017,3,,3,2,3,3,2,3,,,1,3,,,1,3,2,3,1,33
424,Mbubu,none,F,2017/02/10,0,0,2017,1,,3,2,3,2,2,1,,,1,1,,,1,1,1,1,2,22
425,Mbubu,none,F,2017/02/10,0,0,2017,1,,3,2,3,2,3,1,,,1,1,,,1,3,1,3,3,28
426,Mbubu,none,F,2017/02/10,0,0,2017,2,,3,2,3,2,3,1,,,1,1,,,1,3,2,2,3,29
427,Mbubu,none,M,2017/02/10,0,0,2017,3,,3,2,2,3,3,1,,,2,1,,,1,1,2,2,1,27
428,Mbubu,none,M,2017/02/10,0,0,2017,3,,1,2,3,3,3,1,,,1,1,,,1,3,1,1,2,26
429,Mbubu,Siboni esihle,M,2017/02/10,0,0,2017,2,,3,2,3,2,3,2,,,2,1,,,1,3,3,2,2,31
430,Mbubu,none,M,2017/02/10,0,0,2017,1,,3,2,3,2,3,1,,,3,1,,,1,1,1,2,2,26
431,Mbubu,none,M,2017/02/10,0,0,2017,2,,3,1,3,2,3,1,,,2,1,,,1,3,1,1,1,25
432,Mbubu,none,M,2017/02/10,0,0,2017,3,,3,2,3,3,3,1,,,3,1,,,1,3,2,1,3,32
433,Mbubu,none,M,2017/02/10,0,0,2017,3,,1,2,3,3,2,1,,,2,3,,,1,3,1,2,2,29
434,Mbubu,none,M,2017/02/10,0,0,2017,2,,1,2,3,2,3,1,,,1,1,,,1,1,1,2,3,24
435,Mbubu,none,M,2017/02/10,0,0,2017,3,,1,2,3,3,3,1,,,3,3,,,1,1,2,3,1,30
436,Mbubu,none,M,2017/02/10,0,0,2017,3,,1,2,1,3,3,1,,,3,3,,,1,3,1,3,2,30
437,Nobanda,Sbukosezwe,F,2018/01/23,1,0,2018,2,,3,3,3,3,2,1,,,3,1,,,1,3,1,2,3,31
438,Nobanda,Sbukosezwe,F,2018/01/23,1,0,2018,1,,3,3,3,2,1,1,,,2,3,,,1,3,2,2,3,30
439,Nobanda,Sbukosezwe,F,2018/01/23,1,1,2018,1,,3,2,3,1,2,1,,,2,3,,,1,3,1,2,3,28
440,Nobanda,St Raphaels,F,2018/01/23,1,0,2018,2,,3,2,3,3,3,1,,,1,3,,,1,3,1,3,3,32
441,Nobanda,KwaNomusa,F,2018/01/23,1,0,2018,3,,3,2,3,1,3,1,,,3,1,,,2,3,1,3,3,32
442,Nobanda,KwaNomusa,F,2018/01/23,1,0,2018,3,,3,3,3,2,3,1,,,3,3,,,3,3,3,3,3,39
443,Nobanda,KwaNomusa,F,2018/01/23,1,0,2018,2,,3,3,3,1,3,1,,,3,1,,,3,3,2,3,2,33
444,Nobanda,KwaNomusa,F,2018/01/23,1,0,2018,2,,3,3,3,1,3,3,,,3,3,,,1,3,2,3,2,35
445,Nobanda,KwaNomusa,F,2018/01/23,1,0,2018,3,,3,1,3,2,3,1,,,1,2,,,2,3,1,3,2,30
446,Nobanda,Umkhuleko,F,2018/01/23,1,1,2018,3,,3,1,3,2,3,1,,,1,3,,,3,3,2,2,2,32
447,Nobanda,St Raphaels,M,2018/01/23,1,0,2018,1,,3,2,3,3,3,3,,,2,3,,,3,3,1,3,2,35
448,Nobanda,KwaNomusa,M,2018/01/23,1,0,2018,2,,3,3,3,3,3,3,,,3,1,,,3,3,3,3,3,39
449,Nobanda,St Raphaels,M,2018/01/23,1,0,2018,2,,2,2,3,1,3,1,,,3,1,,,1,3,1,3,2,28
450,Nobanda,St Raphaels,M,2018/01/23,1,0,2018,2,,2,2,3,2,3,1,,,3,1,,,1,3,1,1,2,27
451,Nobanda,KwaNomusa,M,2018/01/23,1,0,2018,1,,2,2,3,2,3,1,,,3,1,,,1,3,1,2,2,27
452,Nobanda,St Raphaels,M,2018/01/23,1,0,2018,1,,2,3,3,2,3,1,,,1,1,,,1,3,1,1,2,25
453,Nobanda,Sbukosezwe,M,2018/01/23,1,1,2018,2,,3,2,3,1,3,3,,,3,1,,,3,3,1,3,3,34
454,Nobanda,St Raphaels,M,2018/01/23,1,0,2018,2,,3,2,3,2,3,1,,,3,1,,,3,3,2,3,3,34
455,Nobanda,iThemba,M,2018/01/23,1,0,2018,2,,3,3,3,2,3,3,,,3,1,,,2,3,3,3,3,37
456,Nobanda,KwaNomusa,M,2018/01/23,1,0,2018,1,,3,3,3,2,3,2,,,2,1,,,1,3,2,3,3,32
457,Mabane,Sbukosezwe,F,2018/01/24,1,0,2018,3,,3,3,3,3,3,1,,,2,3,,,1,3,2,1,3,34
458,Mabane,Sbukosezwe,F,2018/01/24,1,1,2018,3,,3,3,3,2,3,3,,,2,3,,,3,3,3,3,3,40
459,Mabane,Siyazama,F,2018/01/24,1,0,2018,1,,3,2,3,1,3,2,,,3,1,,,1,3,1,3,1,28
460,Mabane,Sbukosezwe,F,2018/01/24,1,0,2018,3,,3,3,3,2,3,2,,,3,1,,,1,3,3,2,3,35
461,Mabane,Sbukosezwe,F,2018/01/24,1,1,2018,3,,3,3,3,3,3,3,,,2,3,,,1,1,2,3,3,36
462,Mabane,Unakekelo,F,2018/01/24,1,0,2018,1,,3,3,3,3,2,2,,,1,3,,,1,3,3,3,3,34
463,Mabane,Unakekelo,F,2018/01/24,1,1,2018,3,,3,3,3,3,3,1,,,2,3,,,1,3,3,3,3,37
464,Mabane,Unakekelo,F,2018/01/24,1,0,2018,2,,3,3,3,3,2,3,,,1,3,,,1,3,1,3,3,34
465,Mabane,Sbukosezwe,F,2018/01/24,1,0,2018,3,,3,3,3,3,2,2,,,3,3,,,1,3,1,3,3,36
466,Mabane,Sbukosezwe,F,2018/01/24,1,0,2018,2,,3,3,3,3,3,1,,,3,3,,,1,3,2,2,3,35
467,Mabane,Unakekelo,M,2018/01/24,1,0,2018,2,,3,1,3,2,3,1,,,1,1,,,1,3,2,2,3,28
468,Mabane,Sbukosezwe,M,2018/01/24,1,1,2018,1,,3,2,3,2,3,2,,,3,3,,,1,3,2,2,3,33
469,Mabane,Sbukosezwe,M,2018/01/24,1,0,2018,3,,3,3,3,3,3,2,,,3,3,,,1,3,3,3,3,39
470,Mabane,Sbukosezwe,M,2018/01/24,1,0,2018,3,,3,1,3,3,3,3,,,2,1,,,1,3,3,3,3,35
471,Mabane,Sbukosezwe,M,2018/01/24,1,0,2018,3,,3,3,3,3,3,2,,,3,3,,,3,3,3,2,3,40
472,Mabane,Sbukosezwe,M,2018/01/24,1,0,2018,2,,3,3,3,3,3,3,,,2,2,,,3,3,3,3,1,37
473,Mabane,Sunrise,M,2018/01/24,1,1,2018,3,,3,2,3,2,2,2,,,1,1,,,2,3,3,1,1,29
474,Mabane,KwaNomusa,M,2018/01/24,1,0,2018,3,,3,2,3,3,3,2,,,2,3,,,3,3,3,3,3,39
475,Mabane,Sbukosezwe,M,2018/01/24,1,0,2018,1,,3,1,3,1,3,2,,,2,3,,,1,3,1,3,1,28
476,Mabane,Mashaka,M,2018/01/24,1,0,2018,1,,3,3,3,3,3,2,,,3,3,,,3,3,2,2,1,35
477,Sweetwaters,Sunrise,F,2018/01/25,1,0,2018,3,,3,2,2,3,3,2,,,2,1,,,1,1,3,3,2,31
478,Sweetwaters,iThemba,F,2018/01/25,1,0,2018,3,,3,3,3,3,3,3,,,3,3,,,1,3,1,3,1,36
479,Sweetwaters,iThemba,F,2018/01/25,1,0,2018,2,,3,2,2,3,2,2,,,2,1,,,1,3,1,1,3,28
480,Sweetwaters,Sunrise,F,2018/01/25,1,0,2018,2,,3,3,3,3,3,2,,,2,3,,,2,3,1,3,2,35
481,Sweetwaters,Sunrise,M,2018/01/25,1,0,2018,1,,3,3,3,3,3,2,,,3,3,,,1,3,3,3,3,37
482,Sweetwaters,iThemba,M,2018/01/25,1,0,2018,1,,3,3,3,1,3,1,,,3,3,,,1,3,1,3,3,32
483,Sweetwaters,Sbongisbusiso,M,2018/01/25,1,0,2018,1,,2,2,3,1,3,1,,,2,3,,,3,1,1,2,3,28
484,Mbubu,Umkhuleko,F,2018/01/26,1,0,2018,1,,3,1,3,3,2,1,,,1,3,,,1,3,1,2,3,28
485,Mbubu,Umkhuleko,F,2018/01/26,1,0,2018,2,,3,2,3,2,2,1,,,1,3,,,1,3,1,2,3,29
486,Mbubu,Siyancenga,F,2018/01/26,1,0,2018,1,,3,2,3,3,3,3,,,1,3,,,1,3,2,2,3,33
487,Mbubu,Siyancenga,F,2018/01/26,1,0,2018,2,,3,3,3,3,3,1,,,1,3,,,1,3,2,3,3,34
488,Mbubu,Umkhuleko,M,2018/01/26,1,0,2018,3,,3,3,3,3,3,1,,,1,3,,,3,3,1,3,2,35
489,Mbubu,Umkhuleko,M,2018/01/26,1,0,2018,2,,3,2,1,3,3,1,,,2,1,,,3,3,2,2,3,31
490,Mbubu,Siyancenga,M,2018/01/26,1,0,2018,3,,3,2,3,3,2,1,,,2,3,,,3,3,3,3,2,36
491,Mbubu,Umkhuleko,M,2018/01/26,1,0,2018,2,,3,1,3,2,2,1,,,1,2,,,1,3,1,3,3,28
492,Mbubu,Umkhuleko,M,2018/01/26,1,0,2018,2,,3,3,3,3,3,1,,,3,3,,,3,3,2,3,1,36
493,Mbubu,Umkhuleko,M,2018/01/26,1,0,2018,2,,3,3,3,3,3,1,,,2,3,,,1,3,3,3,3,36
494,Mbubu,Umkhuleko,M,2018/01/26,1,0,2018,2,,3,3,3,3,3,1,,,1,3,,,2,3,3,3,3,36
495,Mbubu,Shayamoya,M,2018/01/26,1,0,2018,1,,3,3,3,2,2,1,,,2,3,,,2,3,2,3,1,31
496,Mbubu,Siyancenga,M,2018/01/26,1,0,2018,1,,3,3,3,1,3,1,,,3,1,,,3,3,1,3,3,32
497,Mbubu,Shayamoya,M,2018/01/26,1,0,2018,1,,3,3,3,3,3,1,,,3,3,,,1,3,1,3,1,32
498,Nobanda,Uthando,F,2018/01/23,0,0,2018,1,,1,2,3,3,3,1,,,1,1,,,1,3,2,3,2,27
499,Nobanda,Hallelujah,F,2018/01/23,0,0,2018,2,,1,1,3,2,3,1,,,2,3,,,1,3,1,3,2,28
500,Nobanda,Uthando,F,2018/01/23,0,0,2018,1,,1,1,2,2,3,1,,,2,1,,,1,3,1,3,2,24
501,Nobanda,none,F,2018/01/23,0,0,2018,1,,1,1,1,1,3,1,,,1,1,,,1,3,1,3,2,21
502,Nobanda,Hallelujah,F,2018/01/23,0,0,2018,3,,2,3,3,2,3,1,,,2,1,,,2,3,1,2,2,30
503,Nobanda,Uthando,F,2018/01/23,0,0,2018,2,,3,3,3,3,3,2,,,2,3,,,2,3,2,3,3,37
504,Nobanda,none,F,2018/01/23,0,0,2018,3,,3,3,3,1,3,1,,,1,3,,,2,3,3,3,2,34
505,Nobanda,Uthando,F,2018/01/23,0,0,2018,3,,1,3,3,3,2,2,,,3,1,,,2,3,2,3,3,34
506,Nobanda,Uthando,F,2018/01/23,0,0,2018,3,,3,2,3,3,3,1,,,1,1,,,1,3,3,3,3,33
507,Nobanda,Uthando,F,2018/01/23,0,0,2018,2,,3,1,3,1,2,1,,,3,1,,,1,3,2,2,3,28
508,Nobanda,Uthando,M,2018/01/23,0,0,2018,3,,3,2,3,3,3,1,,,1,1,,,3,1,2,2,3,31
509,Nobanda,Uthando,M,2018/01/23,0,0,2018,2,,3,1,3,2,3,1,,,3,3,,,1,3,1,3,2,31
510,Nobanda,Uthando,M,2018/01/23,0,0,2018,1,,1,1,3,2,3,2,,,2,1,,,1,1,1,3,1,23
511,Nobanda,Uthando,M,2018/01/23,0,0,2018,3,,1,2,3,1,3,1,,,3,1,,,2,3,1,3,3,30
512,Nobanda,Uthando,M,2018/01/23,0,0,2018,3,,3,2,3,1,3,1,,,2,3,,,3,1,1,3,1,30
513,Nobanda,Uthando,M,2018/01/23,0,0,2018,3,,3,2,3,2,2,1,,,2,3,,,2,1,3,3,3,33
514,Nobanda,Uthando,M,2018/01/23,0,0,2018,3,,3,2,3,2,3,1,,,3,1,,,2,3,1,3,2,32
515,Nobanda,Uthando,M,2018/01/23,0,0,2018,2,,3,3,3,3,3,1,,,1,1,,,2,3,1,3,2,31
516,Nobanda,Honey Dew,M,2018/01/23,0,0,2018,3,,3,2,3,2,3,2,,,1,1,,,3,3,1,1,2,30
517,Nobanda,Kwamdunge,M,2018/01/23,0,0,2018,1,,3,2,3,3,3,1,,,1,1,,,1,3,1,3,3,29
518,Mabane,none,F,2018/01/24,0,0,2018,3,,3,3,3,3,3,2,,,1,3,,,2,3,2,3,1,35
519,Mabane,Snathung,F,2018/01/24,0,0,2018,2,,3,2,3,3,3,2,,,3,1,,,2,1,1,3,2,31
520,Mabane,none,F,2018/01/24,0,0,2018,1,,3,3,3,3,3,2,,,1,3,,,1,3,1,2,2,31
521,Mabane,Masijabule,F,2018/01/24,0,0,2018,2,,3,1,3,3,2,2,,,1,3,,,3,3,1,2,1,30
522,Mabane,none,F,2018/01/24,0,0,2018,1,,3,1,3,2,3,1,,,1,3,,,1,1,1,2,2,25
523,Mabane,Masakhane,F,2018/01/24,0,0,2018,2,,3,2,3,1,3,1,,,2,3,,,1,3,1,2,2,29
524,Mabane,new,F,2018/01/24,0,0,2018,2,,3,1,3,3,2,3,,,3,1,,,1,3,1,3,1,30
525,Mabane,Mbubu,F,2018/01/24,0,0,2018,3,,3,3,3,2,3,3,,,3,3,,,1,3,2,3,3,38
526,Mabane,none,F,2018/01/24,0,0,2018,2,,3,3,3,1,3,1,,,2,3,,,1,1,1,1,1,26
527,Mabane,none,F,2018/01/24,0,0,2018,1,,3,2,3,1,2,1,,,2,2,,,1,3,1,3,1,26
528,Mabane,none,M,2018/01/24,0,0,2018,2,,3,2,3,1,3,1,,,3,1,,,1,1,1,1,1,24
529,Mabane,none,M,2018/01/24,0,0,2018,2,,3,2,3,3,3,2,,,3,3,,,1,3,2,3,3,36
530,Mabane,Mooi River,M,2018/01/24,0,0,2018,1,,3,2,2,1,2,2,,,1,3,,,1,3,2,3,1,27
531,Mabane,Elandskop,M,2018/01/24,0,0,2018,1,,3,1,2,1,1,3,,,1,3,,,1,3,1,1,1,23
532,Mabane,none,M,2018/01/24,0,0,2018,2,,3,1,3,2,1,2,,,1,3,,,1,1,1,3,1,25
533,Mabane,none,M,2018/01/24,0,0,2018,2,,3,2,3,2,3,2,,,1,3,,,1,3,1,3,1,30
534,Mabane,none,M,2018/01/24,0,0,2018,1,,1,2,1,2,3,1,,,1,3,,,1,3,2,2,1,24
535,Mabane,none,M,2018/01/24,0,0,2018,3,,1,2,1,1,3,1,,,1,1,,,1,1,2,2,1,21
536,Mabane,none,M,2018/01/24,0,0,2018,3,,1,2,1,2,2,1,,,1,1,,,1,3,2,1,1,22
537,Mabane,none,M,2018/01/24,0,0,2018,1,,1,,1,2,1,1,,,3,1,,,1,3,1,2,1,19
538,Sweetwaters,none,F,2018/01/25,0,0,2018,1,,3,2,3,1,3,1,,,3,1,,,1,3,1,3,3,29
539,Sweetwaters,none,F,2018/01/25,0,0,2018,2,,3,2,3,3,2,1,,,2,3,,,2,3,1,2,3,32
540,Sweetwaters,none,F,2018/01/25,0,0,2018,1,,3,2,3,1,3,1,,,2,1,,,1,3,1,2,3,27
541,Sweetwaters,none,F,2018/01/25,0,0,2018,1,,3,2,3,2,3,1,,,3,1,,,2,3,1,2,3,30
542,Sweetwaters,none,M,2018/01/25,0,0,2018,2,,3,2,3,3,2,1,,,1,1,,,1,3,1,2,3,28
543,Sweetwaters,none,M,2018/01/25,0,0,2018,1,,2,1,1,1,2,1,,,1,1,,,1,3,1,1,1,18
544,Sweetwaters,none,M,2018/01/25,0,0,2018,1,,3,3,3,2,3,3,,,2,3,,,3,3,2,1,1,33
545,Mbubu,Mbubu,M,2018/01/26,0,0,2018,3,,3,3,3,3,2,2,,,1,3,,,2,3,1,3,2,34
546,Mbubu,none,M,2018/01/26,0,0,2018,2,,3,2,3,3,3,2,,,1,3,,,3,3,1,3,2,34
547,Mbubu,none,M,2018/01/26,0,0,2018,2,,3,2,3,1,3,1,,,1,3,,,2,3,3,2,2,31
548,Mbubu,none,M,2018/01/26,0,0,2018,2,,3,3,2,1,3,2,,,2,1,,,1,3,1,2,1,27
549,Mbubu,none,M,2018/01/26,0,0,2018,3,,3,3,3,3,3,2,,,3,3,,,3,3,2,2,3,39
550,Mbubu,Bantu,M,2018/01/26,0,0,2018,3,,3,3,3,2,3,1,,,2,3,,,3,3,1,2,3,35
551,Mbubu,none,M,2018/01/26,0,0,2018,2,,3,3,3,2,3,3,,,3,1,,,3,3,1,2,3,35
552,Mbubu,Bantu,M,2018/01/26,0,0,2018,1,,3,2,3,1,3,3,,,2,1,,,1,3,1,3,3,30
553,Mbubu,none,M,2018/01/26,0,0,2018,1,,3,1,1,1,3,1,,,2,1,,,2,3,1,2,3,25
554,Mbubu,none,M,2018/01/26,0,0,2018,1,,3,1,1,2,3,1,,,2,3,,,1,3,1,1,1,24
555,Mbubu,none,F,2018/01/26,0,0,2018,3,,3,3,3,3,3,1,,,3,3,,,3,3,2,3,1,37
556,Mbubu,none,F,2018/01/26,0,0,2018,3,,3,2,3,2,3,1,,,1,3,,,3,3,1,2,3,33
557,Mbubu,none,F,2018/01/26,0,0,2018,2,,3,1,3,1,3,1,,,3,3,,,1,3,2,1,1,28
558,Mbubu,Mbubu,F,2018/01/26,0,0,2018,2,,3,1,3,2,3,1,,,3,2,,,1,2,1,3,3,30
